projeto;spe;ceg
FLS;SJA20;037102-5
FLS;SJA21;037103-3
FLS;SJA22;037104-1
RVD;SJA23;040625-2
RVD;SMA01;038310-4
RVD;SMA09;038318-0
RVD;SMA10;038319-8
RVD;SMA11;038320-1
RVD;SMA12;038321-0
RVD;SMA13;038322-8
RVD;SMA14;038323-6
BBS;SJA15;032642-9
BBS;SJA16;033547-9
BBS;SJA17;033548-7
BBS;SJA18;033549-5
BBS;SJA19;037101-7
RVE;SLE01;032593-7
RVE;SLE02;033681-5
RVE;SLE03;034937-2
RVE;SLE04;033690-4
RVE;SLE05;033691-2
RVE;SLE12;045010-3
RVE;SLE13;045011-1
RVE;SLE14;045012-0
UMR;ANT01;047205-0
UMR;LUZ11;051585-0
UMR;LUZ12;051586-8
UMR;LUZ13;051587-6
BBC;ANT04;047208-5
BBC;ANT05;051592-2
BBC;ANT06;051593-0
BBC;ANT07;051594-9
BBC;ANT08;051595-7
BBC;LUZ14;051588-4
BBC;LUZ15;051589-2
BBC;LUZ16;051590-6
TGR;RAF01;049664-2
TGR;RAF02;049665-0
TGR;RAF03;049666-9
TGR;RAF04;049667-7
TGR;RAF05;049668-5
TGR;RAF06;049669-3
TGR;RAF07;049670-7
TGR;RAF08;049671-5
TGR;RAF09;050015-1
TGR;RAF10;050016-0
TGR;RAF11;050017-8
